fpr,tpr,thresholds
0.0,0.0,inf
0.00010509721492380452,0.0,0.7249085051293391
0.00021019442984760903,0.0,0.7243689598615342
0.00021019442984760903,0.002061855670103093,0.7219841509014261
0.004203888596952181,0.002061855670103093,0.6936793350773683
0.004203888596952181,0.004123711340206186,0.6932287605986924
0.00441408302679979,0.004123711340206186,0.6929325103484103
0.00441408302679979,0.008247422680412371,0.6928706402325489
0.005044666316342617,0.008247422680412371,0.6921470562657356
0.005044666316342617,0.010309278350515464,0.6919123201167651
0.006200735680504467,0.010309278350515464,0.689480713864443
0.006200735680504467,0.012371134020618556,0.6892522485408574
0.006621124540199684,0.012371134020618556,0.6887658760875814
0.006621124540199684,0.01443298969072165,0.688716272985147
0.006936416184971098,0.01443298969072165,0.6881406231032542
0.006936416184971098,0.016494845360824743,0.6880645913066368
0.009248554913294798,0.016494845360824743,0.685628687471486
0.009248554913294798,0.018556701030927835,0.6852968116896357
0.00956384655806621,0.018556701030927835,0.6849212938664909
0.00956384655806621,0.020618556701030927,0.6846469761731667
0.010719915922228061,0.020618556701030927,0.6829223323265624
0.010719915922228061,0.02268041237113402,0.6823532935036458
0.011350499211770887,0.02268041237113402,0.6814049335718021
0.011350499211770887,0.024742268041237112,0.6810862180525904
0.017341040462427744,0.024742268041237112,0.6757525298273654
0.017341040462427744,0.026804123711340205,0.6756095014914625
0.01786652653704677,0.026804123711340205,0.6751799856485369
0.01786652653704677,0.030927835051546393,0.675144634054099
0.01797162375197057,0.030927835051546393,0.6750191539734772
0.01797162375197057,0.032989690721649485,0.674996626706942
0.018497109826589597,0.032989690721649485,0.6745674311740619
0.018497109826589597,0.03505154639175258,0.6745511474063082
0.019863373620599055,0.03505154639175258,0.6736208960767534
0.019863373620599055,0.03711340206185567,0.6736019981421235
0.020178665265370467,0.03711340206185567,0.6735105410170055
0.020178665265370467,0.03917525773195876,0.6735037469819212
0.020914345769837098,0.03917525773195876,0.672843241915871
0.020914345769837098,0.041237113402061855,0.6727757721416963
0.02207041513399895,0.041237113402061855,0.6715662959040664
0.02207041513399895,0.04329896907216495,0.6715496741743132
0.02228060956384656,0.04329896907216495,0.6712503830659771
0.02228060956384656,0.04536082474226804,0.6711463159843649
0.027325275880189175,0.04536082474226804,0.6681669008114913
0.027325275880189175,0.04742268041237113,0.668150340062949
0.02837624802942722,0.04742268041237113,0.6677404079747782
0.02837624802942722,0.049484536082474224,0.667703665933863
0.02953231739358907,0.049484536082474224,0.6666379731242453
0.02953231739358907,0.05154639175257732,0.6665834901869142
0.03373620599054125,0.05154639175257732,0.6642667188928604
0.03373620599054125,0.05360824742268041,0.6642505579801047
0.034261692065160276,0.05360824742268041,0.6636558938986711
0.034261692065160276,0.05567010309278351,0.6634675886747583
0.03741460851287441,0.05567010309278351,0.6616272871357438
0.03741460851287441,0.0577319587628866,0.6615565379209437
0.04014713610089333,0.0577319587628866,0.6603030349101623
0.04014713610089333,0.05979381443298969,0.6602950731031999
0.042879663688912245,0.05979381443298969,0.65883662088535
0.042879663688912245,0.061855670103092786,0.6588071713032051
0.044035733053074094,0.061855670103092786,0.6584355980228944
0.044035733053074094,0.06391752577319587,0.6584332153878591
0.044771413557540725,0.06391752577319587,0.6582617043567895
0.044771413557540725,0.06597938144329897,0.658233588306998
0.04487651077246453,0.06597938144329897,0.6580872032442892
0.04487651077246453,0.06804123711340206,0.6580465321676973
0.04519180241723594,0.06804123711340206,0.6579861863169059
0.04519180241723594,0.07010309278350516,0.6579496264072258
0.045507094062007356,0.07010309278350516,0.6578395421134924
0.045507094062007356,0.07216494845360824,0.6577778725610861
0.04813452443510247,0.07216494845360824,0.6566395990102081
0.04813452443510247,0.07422680412371134,0.656637617377976
0.05128744088281661,0.07422680412371134,0.6553288294239998
0.05128744088281661,0.07628865979381444,0.6552056404427384
0.05265370467682606,0.07628865979381444,0.654767013059604
0.05265370467682606,0.07835051546391752,0.6547183914221628
0.05444035733053074,0.07835051546391752,0.653600537200729
0.05444035733053074,0.08041237113402062,0.6535906125984668
0.05601681555438781,0.08041237113402062,0.6531229897805667
0.05601681555438781,0.08247422680412371,0.6530877630635779
0.05654230162900683,0.08247422680412371,0.6528766511440176
0.05654230162900683,0.0865979381443299,0.6528350474504485
0.05769837099316868,0.0865979381443299,0.652345050396683
0.05769837099316868,0.088659793814433,0.6523108846074972
0.058434051497635316,0.088659793814433,0.6520214676917803
0.058434051497635316,0.09072164948453608,0.6520033015212588
0.05906463478717814,0.09072164948453608,0.651552625574915
0.05906463478717814,0.09278350515463918,0.6515276389273816
0.059590120861797165,0.09278350515463918,0.6514263709841546
0.059590120861797165,0.09484536082474226,0.6514108923294508
0.059695218076720964,0.09484536082474226,0.6513338507579519
0.059695218076720964,0.09690721649484536,0.6513263422113539
0.060746190225959014,0.09690721649484536,0.6509755037791305
0.060746190225959014,0.09896907216494845,0.650948087560412
0.06127167630057803,0.09896907216494845,0.6508323569586154
0.06127167630057803,0.10103092783505155,0.6507984191540713
0.06400420388859696,0.10103092783505155,0.649562591972588
0.06400420388859696,0.10309278350515463,0.6495560712337854
0.06484498160798739,0.10309278350515463,0.64930801886611
0.06484498160798739,0.10515463917525773,0.64926216434241
0.06610614818707304,0.10515463917525773,0.6486947792374564
0.06610614818707304,0.10721649484536082,0.6486800451429078
0.06631634261692065,0.10721649484536082,0.6486689729588722
0.06631634261692065,0.10927835051546392,0.6486176235250041
0.0675775091960063,0.10927835051546392,0.6482542477339981
0.0675775091960063,0.11134020618556702,0.648149810722927
0.06925906463478718,0.11134020618556702,0.6473263644772913
0.06925906463478718,0.1134020618556701,0.6472325844758261
0.07188649500788229,0.1134020618556701,0.6465605652856085
0.07188649500788229,0.1154639175257732,0.6465196164975147
0.0719915922228061,0.1154639175257732,0.6465171309497535
0.0719915922228061,0.11752577319587629,0.6465114432240042
0.07756174461376773,0.11752577319587629,0.6445801944116482
0.07756174461376773,0.11958762886597939,0.6445697893536927
0.07976878612716763,0.11958762886597939,0.6438853021706615
0.07976878612716763,0.12164948453608247,0.643884274449373
0.08134524435102469,0.12164948453608247,0.6433287278435592
0.08134524435102469,0.12371134020618557,0.6432831813620937
0.08218602207041513,0.12371134020618557,0.6429861926446286
0.08218602207041513,0.12577319587628866,0.6429743549442896
0.08712559117183395,0.12577319587628866,0.6413225243945281
0.08712559117183395,0.12783505154639174,0.6412894277626683
0.08765107724645296,0.12783505154639174,0.6411769472796616
0.08765107724645296,0.12989690721649486,0.6411699705314599
0.0884918549658434,0.12989690721649486,0.6409057744253115
0.0884918549658434,0.13195876288659794,0.6407399881082084
0.08880714661061481,0.13195876288659794,0.6406700862798337
0.08880714661061481,0.13402061855670103,0.6406041224290948
0.09174986862848135,0.13402061855670103,0.6396196112173573
0.09174986862848135,0.1360824742268041,0.6395870186513709
0.09364161849710982,0.1360824742268041,0.638736041717479
0.09364161849710982,0.13814432989690723,0.6387190739051373
0.09437729900157646,0.13814432989690723,0.6384093590207581
0.09437729900157646,0.1402061855670103,0.6383907269319254
0.09469259064634787,0.1402061855670103,0.6383506082500253
0.09469259064634787,0.1422680412371134,0.6383287607004957
0.0979506043089858,0.1422680412371134,0.6373571937089625
0.0979506043089858,0.14432989690721648,0.6373486565365789
0.09952706253284288,0.14432989690721648,0.6368512051124895
0.09952706253284288,0.1463917525773196,0.6367752073557829
0.09963215974776668,0.1463917525773196,0.6367459574703497
0.09963215974776668,0.14845360824742268,0.6367155345723507
0.1000525486074619,0.14845360824742268,0.6366373145984756
0.1000525486074619,0.15051546391752577,0.6366225506410499
0.10110352075669994,0.15051546391752577,0.6362398534131334
0.10110352075669994,0.15257731958762888,0.636226984356558
0.10541250656857594,0.15257731958762888,0.6349858415183024
0.10541250656857594,0.15463917525773196,0.6349782222888295
0.10782974251182344,0.15463917525773196,0.6342614580051831
0.10782974251182344,0.15670103092783505,0.6342555944356588
0.10951129795060431,0.15670103092783505,0.6337542469471824
0.10951129795060431,0.15876288659793814,0.6337194184368151
0.10982658959537572,0.15876288659793814,0.6336522228898019
0.10982658959537572,0.16082474226804125,0.633634778224629
0.11056227009984236,0.16082474226804125,0.633375095734807
0.11056227009984236,0.16288659793814433,0.6333255730320563
0.11066736731476616,0.16288659793814433,0.6332924365580666
0.11066736731476616,0.16494845360824742,0.633264802106555
0.11098265895953757,0.16494845360824742,0.633166926140924
0.11098265895953757,0.1670103092783505,0.6331041864593024
0.11413557540725171,0.1670103092783505,0.632174022755012
0.11413557540725171,0.16907216494845362,0.6321431859133909
0.11487125591171835,0.16907216494845362,0.631926004794873
0.11487125591171835,0.1711340206185567,0.6319162162385277
0.11497635312664214,0.1711340206185567,0.6318886014979472
0.11497635312664214,0.1731958762886598,0.6318790982741737
0.11770888071466107,0.1731958762886598,0.6311610792869027
0.11770888071466107,0.17525773195876287,0.6311583562903302
0.11812926957435628,0.17525773195876287,0.6310853046055132
0.11812926957435628,0.177319587628866,0.6310834952872056
0.11886495007882292,0.177319587628866,0.6308475056877599
0.11886495007882292,0.17938144329896907,0.630847477925832
0.11907514450867052,0.17938144329896907,0.6307934704047502
0.11907514450867052,0.18144329896907216,0.6307741325986371
0.12180767209668944,0.18144329896907216,0.630028767600554
0.12180767209668944,0.18350515463917524,0.6300056415574224
0.12201786652653705,0.18350515463917524,0.6298483549463995
0.12201786652653705,0.18556701030927836,0.6298199744120111
0.1284287966368891,0.18556701030927836,0.6278908175133088
0.1284287966368891,0.18762886597938144,0.6278869518545536
0.12895428271150813,0.18762886597938144,0.6276722677590552
0.12895428271150813,0.18969072164948453,0.6276471640490022
0.12958486600105099,0.18969072164948453,0.6275217813699121
0.12958486600105099,0.19175257731958764,0.627521678302033
0.12968996321597479,0.19175257731958764,0.6274993219291333
0.12968996321597479,0.19381443298969073,0.6274573456438381
0.12990015764582238,0.19381443298969073,0.6274221575697146
0.12990015764582238,0.1958762886597938,0.6274053955258523
0.13011035207566998,0.1958762886597938,0.6272997966897947
0.13011035207566998,0.1979381443298969,0.6272623708796423
0.130635838150289,0.1979381443298969,0.6271305764843298
0.130635838150289,0.2,0.6270825190659393
0.1325275880189175,0.2,0.6264038810406942
0.1325275880189175,0.2020618556701031,0.6263577968174502
0.13631108775617445,0.2020618556701031,0.6251700134280812
0.13631108775617445,0.20412371134020618,0.6251284517568371
0.13788754598003153,0.20412371134020618,0.624477699349609
0.13788754598003153,0.20618556701030927,0.6244767141083204
0.13820283762480295,0.20618556701030927,0.6244000374544492
0.13820283762480295,0.20824742268041238,0.6243679439281677
0.14450867052023122,0.20824742268041238,0.6225070794009083
0.14450867052023122,0.21030927835051547,0.6224630230892039
0.14471886495007882,0.21030927835051547,0.6224348609042292
0.14471886495007882,0.21237113402061855,0.62238944076652
0.14513925380977405,0.21237113402061855,0.622316737277898
0.14513925380977405,0.21443298969072164,0.6222704640562705
0.14566473988439307,0.21443298969072164,0.6221788902901684
0.14566473988439307,0.21649484536082475,0.6221576907924551
0.14829217025748817,0.21649484536082475,0.6213810848926407
0.14829217025748817,0.21855670103092784,0.6213536983831144
0.15144508670520232,0.21855670103092784,0.6202847416084649
0.15144508670520232,0.22061855670103092,0.6202586272141675
0.1534419337887546,0.22061855670103092,0.6199835061346618
0.1534419337887546,0.22268041237113403,0.6199671547886134
0.1555438780872307,0.22268041237113403,0.6192304973183899
0.1555438780872307,0.22474226804123712,0.6192203653243271
0.15922228060956384,0.22474226804123712,0.6177943136071882
0.15922228060956384,0.2309278350515464,0.6177705782775502
0.1603783499737257,0.2309278350515464,0.6170813242829541
0.1603783499737257,0.2329896907216495,0.6170778092578408
0.1606936416184971,0.2329896907216495,0.6169894286640366
0.1606936416184971,0.23505154639175257,0.616982590646647
0.1644771413557541,0.23505154639175257,0.6156950784501927
0.1644771413557541,0.24123711340206186,0.6156074667794458
0.1655281135049921,0.24123711340206186,0.6151460343455999
0.1655281135049921,0.24536082474226803,0.6150906539030836
0.16605359957961113,0.24536082474226803,0.6149165508232203
0.16605359957961113,0.24742268041237114,0.6148476088425258
0.1697320021019443,0.24742268041237114,0.6136697750998442
0.1697320021019443,0.24948453608247423,0.6135829584066919
0.17036258539148713,0.24948453608247423,0.613482515402617
0.17036258539148713,0.2515463917525773,0.6134785324360309
0.17256962690488703,0.2515463917525773,0.6128189777934289
0.17256962690488703,0.2536082474226804,0.6127921384858003
0.17277982133473463,0.2536082474226804,0.6127344629628674
0.17277982133473463,0.2556701030927835,0.6127299737963665
0.17593273778244878,0.2556701030927835,0.6115412749667998
0.17593273778244878,0.25773195876288657,0.6114613456126364
0.17761429322122962,0.25773195876288657,0.6108804306319144
0.17761429322122962,0.2618556701030928,0.6107843663200612
0.18066211245401997,0.2618556701030928,0.6094676210766018
0.18066211245401997,0.2639175257731959,0.6094314374730376
0.18192327903310562,0.2639175257731959,0.609002362279192
0.18192327903310562,0.26597938144329897,0.6089836818232329
0.18202837624802942,0.26597938144329897,0.6089278621893307
0.18202837624802942,0.26804123711340205,0.6089147463081489
0.18560168155543877,0.26804123711340205,0.6074422241828515
0.18560168155543877,0.27010309278350514,0.6074232868054807
0.1857067787703626,0.27010309278350514,0.6074117389313437
0.1857067787703626,0.2721649484536082,0.6073453869471966
0.18696794534944824,0.2721649484536082,0.6068406195249623
0.18696794534944824,0.27422680412371137,0.6068127385701075
0.18928008407777194,0.27422680412371137,0.6061177932457914
0.18928008407777194,0.27628865979381445,0.6060476315618911
0.18970047293746717,0.27628865979381445,0.6059298755560236
0.18970047293746717,0.27835051546391754,0.6059066489741385
0.1925380977404099,0.27835051546391754,0.6049333755803499
0.1925380977404099,0.2804123711340206,0.6049178789638979
0.19421965317919074,0.2804123711340206,0.604170478216121
0.19421965317919074,0.2824742268041237,0.6040814713231591
0.1948502364687336,0.2824742268041237,0.6037799245019108
0.1948502364687336,0.2845360824742268,0.6037697184149927
0.19842354177614294,0.2845360824742268,0.602257668006054
0.19842354177614294,0.2865979381443299,0.6022461544463049
0.19926431949553336,0.2865979381443299,0.6017857822637207
0.19926431949553336,0.28865979381443296,0.6017791389926153
0.199474513925381,0.28865979381443296,0.6016933014024596
0.199474513925381,0.2907216494845361,0.6016289827436483
0.2026274303730951,0.2907216494845361,0.5997759156768463
0.2026274303730951,0.2927835051546392,0.5997580288181263
0.20294272201786653,0.2927835051546392,0.5996927534446793
0.20294272201786653,0.2948453608247423,0.5996605664667787
0.20525486074619023,0.2948453608247423,0.5986396272448312
0.20525486074619023,0.29690721649484536,0.5985815051334296
0.20567524960588546,0.29690721649484536,0.5984722581868217
0.20567524960588546,0.29896907216494845,0.5984711167998497
0.20609563846558066,0.29896907216494845,0.5982474894355776
0.20609563846558066,0.30103092783505153,0.5980959198727863
0.21093011035207568,0.30103092783505153,0.5963330668346163
0.21093011035207568,0.3030927835051546,0.5962506751969582
0.21292695743562795,0.3030927835051546,0.5952481986032043
0.21292695743562795,0.30515463917525776,0.5952246680109643
0.21334734629532318,0.30515463917525776,0.595059267443247
0.21334734629532318,0.30721649484536084,0.5950478097647574
0.21355754072517077,0.30721649484536084,0.5949953480856063
0.21355754072517077,0.30927835051546393,0.5948999541160624
0.21439831844456123,0.30927835051546393,0.5943566842654259
0.21439831844456123,0.311340206185567,0.5943522231358859
0.21460851287440882,0.311340206185567,0.5942766931966474
0.21460851287440882,0.3134020618556701,0.5942446239243511
0.21555438780872307,0.3134020618556701,0.5934688309352167
0.21555438780872307,0.31752577319587627,0.5934032058426907
0.21755123489227535,0.31752577319587627,0.5922052968663998
0.21755123489227535,0.31958762886597936,0.592111028178269
0.21765633210719915,0.31958762886597936,0.5920287308434312
0.21765633210719915,0.3216494845360825,0.5917799548829742
0.22133473462953232,0.3216494845360825,0.5897933674829072
0.22133473462953232,0.3237113402061856,0.5897679589457843
0.22606410930110352,0.3237113402061856,0.5866139561938316
0.22606410930110352,0.32577319587628867,0.5865469462225613
0.22648449816079874,0.32577319587628867,0.5863302294005076
0.22648449816079874,0.32783505154639175,0.5862968000875302
0.22932212296374146,0.32783505154639175,0.5848200439736843
0.22932212296374146,0.32989690721649484,0.584805419592487
0.2297425118234367,0.32989690721649484,0.5845077669027698
0.2297425118234367,0.334020618556701,0.5843763425913072
0.232264844981608,0.334020618556701,0.5821333948971107
0.232264844981608,0.33608247422680415,0.5821134925661013
0.232790331056227,0.33608247422680415,0.5818801249519907
0.232790331056227,0.33814432989690724,0.5817871048538732
0.23342091434576984,0.33814432989690724,0.5812291784955155
0.23342091434576984,0.3402061855670103,0.5811975951865397
0.23352601156069364,0.3402061855670103,0.581192535019244
0.23352601156069364,0.3422680412371134,0.5811090355537806
0.23384130320546506,0.3422680412371134,0.5808746444495448
0.23384130320546506,0.3443298969072165,0.5808719545815001
0.23794009458749343,0.3443298969072165,0.5766249456877846
0.23794009458749343,0.3463917525773196,0.5765860564483458
0.23867577509196006,0.3463917525773196,0.5754795118616378
0.23867577509196006,0.34845360824742266,0.5752270675607303
0.24004203888596953,0.34845360824742266,0.5736583683623149
0.24004203888596953,0.35051546391752575,0.5732769269694591
0.24046242774566473,0.35051546391752575,0.5724642418967896
0.24046242774566473,0.3525773195876289,0.572442474527467
0.24130320546505518,0.3525773195876289,0.5711503449112098
0.24130320546505518,0.354639175257732,0.5711005877110905
0.2418286915396742,0.354639175257732,0.5706055827778008
0.2418286915396742,0.35670103092783506,0.5702744627842956
0.24308985811875986,0.35670103092783506,0.569051445694175
0.24308985811875986,0.35876288659793815,0.5687127612329916
0.24834471886495008,0.35876288659793815,0.5606145643192045
0.24834471886495008,0.3628865979381443,0.5602962646546723
0.2488702049395691,0.3628865979381443,0.5596007525030551
0.2488702049395691,0.3649484536082474,0.5595066201980802
0.2502364687335786,0.3649484536082474,0.5582367656738617
0.2502364687335786,0.3670103092783505,0.5578938941816348
0.2503415659485024,0.3670103092783505,0.557577531669513
0.2503415659485024,0.36907216494845363,0.5573548058580565
0.2509721492380452,0.36907216494845363,0.5564224872481758
0.2509721492380452,0.3711340206185567,0.5564123776126192
0.2517078297425118,0.3711340206185567,0.5557236261665653
0.2517078297425118,0.3752577319587629,0.555499027387883
0.2529689963215975,0.3752577319587629,0.5539276826470936
0.2529689963215975,0.37731958762886597,0.5539067287141043
0.2537046768260641,0.37731958762886597,0.5532363939054014
0.2537046768260641,0.37938144329896906,0.5531830473148218
0.2538097740409879,0.37938144329896906,0.5529274447001611
0.2538097740409879,0.38144329896907214,0.5529202088231637
0.2542301629006831,0.38144329896907214,0.5524077614178337
0.2542301629006831,0.3835051546391753,0.5524050259532745
0.2547556489753022,0.3835051546391753,0.5519980987334432
0.2547556489753022,0.38556701030927837,0.5515900438024994
0.25717288491854967,0.38556701030927837,0.5503701740691348
0.25717288491854967,0.38762886597938145,0.5500752951129821
0.26190225959012087,0.38762886597938145,0.5448947789494061
0.26190225959012087,0.3917525773195876,0.5448469559144866
0.2626379400945875,0.3917525773195876,0.5441233150729747
0.2626379400945875,0.3938144329896907,0.5440766705268884
0.265055176037835,0.3938144329896907,0.54236139699721
0.265055176037835,0.3979381443298969,0.542203857530577
0.26936416184971096,0.3979381443298969,0.5389661923280612
0.26936416184971096,0.4,0.5389573863590827
0.2717813977929585,0.4,0.5374377091084447
0.2717813977929585,0.4020618556701031,0.537410033283441
0.2728323699421965,0.4020618556701031,0.5365727485063673
0.2728323699421965,0.4041237113402062,0.5365108749717102
0.27293746715712036,0.4041237113402062,0.5364756853498917
0.27293746715712036,0.4061855670103093,0.536468641028639
0.2744088281660536,0.4061855670103093,0.5357026351720688
0.2744088281660536,0.40824742268041236,0.535677471841544
0.2751445086705202,0.40824742268041236,0.5347975662841221
0.2751445086705202,0.41030927835051545,0.5346585819038279
0.2788229111928534,0.41030927835051545,0.5331486451240938
0.2788229111928534,0.41237113402061853,0.5331385607565603
0.28039936941671045,0.41237113402061853,0.5319993670576576
0.28039936941671045,0.41649484536082476,0.5319417745057361
0.2878612716763006,0.41649484536082476,0.5283346413961831
0.2878612716763006,0.41855670103092785,0.5283338685102535
0.293011035207567,0.41855670103092785,0.5259039428154035
0.293011035207567,0.42061855670103093,0.5258836897168905
0.29416710457172884,0.42061855670103093,0.5255109048810436
0.29416710457172884,0.422680412371134,0.5254945957851244
0.29647924330005254,0.422680412371134,0.5246962224991617
0.29647924330005254,0.4247422680412371,0.5246796721471747
0.29910667367314764,0.4247422680412371,0.5236474485580844
0.29910667367314764,0.4268041237113402,0.5235729002154298
0.30131371518654754,0.4268041237113402,0.5228917232703869
0.30131371518654754,0.4288659793814433,0.5228804227606211
0.301629006831319,0.4288659793814433,0.5227245300351647
0.301629006831319,0.4309278350515464,0.5227174048481332
0.3022595901208618,0.4309278350515464,0.5224060840045692
0.3022595901208618,0.4329896907216495,0.5223867457197665
0.30572779821334733,0.4329896907216495,0.5208140448173736
0.30572779821334733,0.4350515463917526,0.5208111115591495
0.3094062007356805,0.4350515463917526,0.5195597335706627
0.3094062007356805,0.43711340206185567,0.5195430737219972
0.3137151865475565,0.43711340206185567,0.517582393733864
0.3137151865475565,0.43917525773195876,0.5175132578002951
0.31445086705202313,0.43917525773195876,0.5172763862861013
0.31445086705202313,0.44123711340206184,0.5172640814397698
0.3178139779295849,0.44123711340206184,0.5166646736301566
0.3178139779295849,0.44329896907216493,0.5166480367851486
0.3203363110877562,0.44329896907216493,0.5160431448684072
0.3203363110877562,0.44536082474226807,0.5160044780830987
0.3235943247503941,0.44536082474226807,0.5149864615225226
0.3235943247503941,0.44742268041237115,0.5149580538527613
0.32527588018917497,0.44742268041237115,0.514452822300728
0.32527588018917497,0.44948453608247424,0.5143034165299597
0.3259064634787178,0.44948453608247424,0.5141061272732715
0.3259064634787178,0.4536082474226804,0.5140076050734196
0.3260115606936416,0.4536082474226804,0.5139745935969148
0.3260115606936416,0.4556701030927835,0.5139137947022466
0.3280084077771939,0.4556701030927835,0.513528073051465
0.3280084077771939,0.4577319587628866,0.5134760704850928
0.3283236994219653,0.4577319587628866,0.5133635283206055
0.3283236994219653,0.45979381443298967,0.5133558534009703
0.3286389910667367,0.45979381443298967,0.5132660061341826
0.3286389910667367,0.4618556701030928,0.513247340656969
0.33126642143983187,0.4618556701030928,0.5126989931578442
0.33126642143983187,0.4639175257731959,0.5126858365392951
0.33610089332632687,0.4639175257731959,0.511424761616372
0.33610089332632687,0.465979381443299,0.5113886462573821
0.3375722543352601,0.465979381443299,0.5110197949905085
0.3375722543352601,0.46804123711340206,0.511001584987093
0.33862322648449816,0.46804123711340206,0.5106051003193464
0.33862322648449816,0.47010309278350515,0.5105777024471688
0.34146085128744086,0.47010309278350515,0.5100250107147757
0.34146085128744086,0.47216494845360824,0.510011460625423
0.3419863373620599,0.47216494845360824,0.5098049039006642
0.3419863373620599,0.4742268041237113,0.5097279880232856
0.34303730951129796,0.4742268041237113,0.5093529544324797
0.34303730951129796,0.4762886597938144,0.5093474384436484
0.3468208092485549,0.4762886597938144,0.5084916726649356
0.3468208092485549,0.47835051546391755,0.508468111326059
0.35239096163951655,0.47835051546391755,0.5071682955550515
0.35239096163951655,0.48041237113402063,0.5071643116444001
0.36573830793483975,0.48041237113402063,0.5043651134162077
0.36573830793483975,0.4824742268041237,0.5043618100214626
0.36605359957961114,0.4824742268041237,0.5043100577835239
0.36605359957961114,0.4845360824742268,0.5043025710115282
0.36847083552285864,0.4845360824742268,0.5037427890400126
0.36847083552285864,0.4865979381443299,0.5037247060703028
0.3689963215974777,0.4865979381443299,0.5035858527078236
0.3689963215974777,0.488659793814433,0.5035822914790496
0.3691014188124015,0.488659793814433,0.5035507986577443
0.3691014188124015,0.49072164948453606,0.5035382845451967
0.37530215449290594,0.49072164948453606,0.5021529738116268
0.37530215449290594,0.4927835051546392,0.5020966448583971
0.3788754598003153,0.4927835051546392,0.5013521323712684
0.3788754598003153,0.4948453608247423,0.5012778493597202
0.3829742511823437,0.4948453608247423,0.5001996113185014
0.3829742511823437,0.49690721649484537,0.5001793209933841
0.3831844456121913,0.49690721649484537,0.5001293677726325
0.3831844456121913,0.49896907216494846,0.5000714352725474
0.38444561219127693,0.49896907216494846,0.49973317905321873
0.38444561219127693,0.5010309278350515,0.4997282248888781
0.38486600105097213,0.5010309278350515,0.49959947015793305
0.38486600105097213,0.5030927835051546,0.49955161340288134
0.385496584340515,0.5030927835051546,0.4993688580087193
0.385496584340515,0.5051546391752577,0.49936584070744455
0.391382028376248,0.5051546391752577,0.4981406495299669
0.391382028376248,0.5072164948453608,0.4981345862407852
0.3928533893851813,0.5072164948453608,0.49772329045032143
0.3928533893851813,0.5092783505154639,0.4977191603364172
0.3935890698896479,0.5092783505154639,0.49753168086085986
0.3935890698896479,0.511340206185567,0.49753080932946336
0.3954808197582764,0.511340206185567,0.49714926380818786
0.3954808197582764,0.51340206185567,0.49712644640558584
0.3964266946925906,0.51340206185567,0.4969977053500129
0.3964266946925906,0.5154639175257731,0.49694595205772835
0.40178665265370467,0.5154639175257731,0.49604430008779554
0.40178665265370467,0.5175257731958763,0.49603131261977707
0.40378349973725697,0.5175257731958763,0.49568164992916064
0.40378349973725697,0.5216494845360825,0.4956386720808362
0.4047293746715712,0.5216494845360825,0.4954477776080868
0.4047293746715712,0.5237113402061856,0.4954270371684833
0.4076720966894377,0.5237113402061856,0.4947554132916054
0.4076720966894377,0.5257731958762887,0.4947338944828429
0.40798738833420917,0.5257731958762887,0.4945711428593443
0.40798738833420917,0.5278350515463918,0.4945415186866363
0.40861797162375196,0.5278350515463918,0.49442010532315506
0.40861797162375196,0.5298969072164949,0.4943388930423907
0.40882816605359956,0.5298969072164949,0.4943113859348624
0.40882816605359956,0.5319587628865979,0.4943044474498684
0.4092485549132948,0.5319587628865979,0.4942440234156149
0.4092485549132948,0.534020618556701,0.49424202225684494
0.4095638465580662,0.534020618556701,0.49415357227756573
0.4095638465580662,0.5360824742268041,0.4941380697846481
0.4113504992117709,0.5360824742268041,0.49367159279426226
0.4113504992117709,0.5381443298969072,0.4936598190643586
0.4143983184445612,0.5381443298969072,0.4930850217313599
0.4143983184445612,0.5402061855670103,0.49304386888303237
0.41513399894902786,0.5402061855670103,0.4929103045584692
0.41513399894902786,0.5422680412371134,0.49287701204347867
0.4161849710982659,0.5422680412371134,0.4926067075720968
0.4161849710982659,0.5443298969072164,0.4925959102316156
0.4167104571728849,0.5443298969072164,0.49246475236655124
0.4167104571728849,0.5463917525773195,0.49244875678864647
0.4191276931161324,0.5463917525773195,0.49198132290013064
0.4191276931161324,0.5484536082474227,0.49196694630439336
0.42249080399369415,0.5484536082474227,0.4914993377034497
0.42249080399369415,0.5505154639175258,0.49149668551714626
0.4256437204414083,0.5505154639175258,0.4909970811056857
0.4256437204414083,0.5525773195876289,0.49099349382684626
0.42700998423541775,0.5525773195876289,0.4909018009790032
0.42700998423541775,0.554639175257732,0.49090016971020817
0.42711508145034155,0.554639175257732,0.49084581394653015
0.42711508145034155,0.5567010309278351,0.4908358205903344
0.4278507619548082,0.5567010309278351,0.49069157883914916
0.4278507619548082,0.5587628865979382,0.49068092882402237
0.43331581713084605,0.5587628865979382,0.4899815299383468
0.43331581713084605,0.5608247422680412,0.48996498549409245
0.43352601156069365,0.5608247422680412,0.4898941925839635
0.43352601156069365,0.5628865979381443,0.4898792187070134
0.43878087230688384,0.5628865979381443,0.4891100225161181
0.43878087230688384,0.5649484536082474,0.4890616466803386
0.4417235943247504,0.5649484536082474,0.48863391529485106
0.4417235943247504,0.5670103092783505,0.48862368161473924
0.4437204414083027,0.5670103092783505,0.4882491981547718
0.4437204414083027,0.5690721649484536,0.48823820538933443
0.44487651077246454,0.5690721649484536,0.48798616716255044
0.44487651077246454,0.5711340206185567,0.48798095435817834
0.4459274829217026,0.5711340206185567,0.48781249598888904
0.4459274829217026,0.5731958762886598,0.48778324612246676
0.44697845507094064,0.5731958762886598,0.4875598638457768
0.44697845507094064,0.5752577319587628,0.4875487101651309
0.44708355228586444,0.5752577319587628,0.48754427415139706
0.44708355228586444,0.5773195876288659,0.48753902076203137
0.44718864950078824,0.5773195876288659,0.4875105879596629
0.44718864950078824,0.5793814432989691,0.4875054856751287
0.4525486074619023,0.5793814432989691,0.48666213004640735
0.4525486074619023,0.5835051546391753,0.4866083304643907
0.4533893851812927,0.5835051546391753,0.4864083654869075
0.4533893851812927,0.5855670103092784,0.4864072398580239
0.455911718339464,0.5855670103092784,0.48583669103643523
0.455911718339464,0.5876288659793815,0.48581910080656454
0.45643720441408303,0.5876288659793815,0.48576598738383714
0.45643720441408303,0.5896907216494846,0.48572815653274676
0.461271676300578,0.5896907216494846,0.4849788647524384
0.461271676300578,0.5917525773195876,0.4849678942190927
0.46284813452443513,0.5917525773195876,0.48469612765623377
0.46284813452443513,0.5938144329896907,0.4846734037937045
0.4636889122438255,0.5938144329896907,0.48457313737731406
0.4636889122438255,0.5958762886597938,0.48456544890092457
0.465580662112454,0.5958762886597938,0.48422311426212966
0.465580662112454,0.5979381443298969,0.4842130885937258
0.46736731476615867,0.5979381443298969,0.48392907809677693
0.46736731476615867,0.6,0.4838995203146187
0.4689437729900158,0.6,0.4835767820631916
0.4689437729900158,0.6020618556701031,0.4835684345389204
0.47167630057803467,0.6020618556701031,0.4830933488087636
0.47167630057803467,0.6041237113402061,0.4830922958966387
0.4720966894377299,0.6041237113402061,0.483010723673705
0.4720966894377299,0.6061855670103092,0.48297732173037516
0.47346295323173937,0.6061855670103092,0.48287292487282196
0.47346295323173937,0.6082474226804123,0.48283833813146293
0.475249605885444,0.6082474226804123,0.482628646805929
0.475249605885444,0.6103092783505155,0.48262358563901303
0.48481345244351026,0.6103092783505155,0.48121209368868983
0.48481345244351026,0.6123711340206186,0.4812035375578685
0.48523384130320546,0.6123711340206186,0.48115953629846536
0.48523384130320546,0.6144329896907217,0.48112890986975543
0.4868102995270625,0.6144329896907217,0.4807785654938405
0.4868102995270625,0.6164948453608248,0.4807665281739082
0.48765107724645296,0.6164948453608248,0.48066053915180273
0.48765107724645296,0.6185567010309279,0.48059552529159566
0.4891224382553862,0.6185567010309279,0.4801556637377207
0.4891224382553862,0.622680412371134,0.4801347289549705
0.4933263268523384,0.622680412371134,0.47929798157829795
0.4933263268523384,0.6247422680412371,0.4792855892775073
0.4955333683657383,0.6247422680412371,0.4788812408564448
0.4955333683657383,0.6268041237113402,0.4788802478217895
0.4977404098791382,0.6268041237113402,0.4785109684448676
0.4977404098791382,0.6288659793814433,0.47850823980066615
0.500052548607462,0.6288659793814433,0.4780671319242263
0.500052548607462,0.6309278350515464,0.47806603915793183
0.5003678402522334,0.6309278350515464,0.47802509040784685
0.5003678402522334,0.6329896907216495,0.47797385110257634
0.5078297425118234,0.6329896907216495,0.47660597750407735
0.5078297425118234,0.6371134020618556,0.47657986525243995
0.5081450341565948,0.6371134020618556,0.47653814034430875
0.5081450341565948,0.6391752577319587,0.47653420333913077
0.5106673673147661,0.6391752577319587,0.4761333912873874
0.5106673673147661,0.6412371134020619,0.4761183340941252
0.5114030478192327,0.6412371134020619,0.47605268896498354
0.5114030478192327,0.643298969072165,0.47605079412413803
0.5138202837624803,0.643298969072165,0.47558627536704245
0.5138202837624803,0.6453608247422681,0.47557680669097513
0.5180241723594324,0.6453608247422681,0.4747253093790038
0.5180241723594324,0.6474226804123712,0.4746187974581555
0.5211770888071466,0.6474226804123712,0.474069292144754
0.5211770888071466,0.6494845360824743,0.4740675581743964
0.5227535470310036,0.6494845360824743,0.4739406825686528
0.5227535470310036,0.6515463917525773,0.47393960731886814
0.5250656857593273,0.6515463917525773,0.47366881029010355
0.5250656857593273,0.6536082474226804,0.4736385957586985
0.5260115606936416,0.6536082474226804,0.47348577133477093
0.5260115606936416,0.6556701030927835,0.47345545181940774
0.5297950604308986,0.6556701030927835,0.4729004870937757
0.5297950604308986,0.6577319587628866,0.4728936956525196
0.5321071991592223,0.6577319587628866,0.4725317601572562
0.5321071991592223,0.6597938144329897,0.47249984552916635
0.5390436153441934,0.6597938144329897,0.47121654801434215
0.5390436153441934,0.6618556701030928,0.47118323048061467
0.5399894902785076,0.6618556701030928,0.4710277241130668
0.5399894902785076,0.6639175257731958,0.47100631878112054
0.5420914345769837,0.6639175257731958,0.4706728861350499
0.5420914345769837,0.6659793814432989,0.4706579961638988
0.5433526011560693,0.6659793814432989,0.47032719713768406
0.5433526011560693,0.668041237113402,0.47032428554474526
0.543562795585917,0.668041237113402,0.4702719721021321
0.543562795585917,0.6701030927835051,0.4702562250635396
0.5449290593799264,0.6701030927835051,0.46991992510411246
0.5449290593799264,0.6721649484536083,0.4699176409606418
0.5473462953231739,0.6721649484536083,0.4693830435182957
0.5473462953231739,0.6742268041237114,0.4693766727671398
0.5531266421439832,0.6742268041237114,0.46833080453528647
0.5531266421439832,0.6762886597938145,0.4683158652909319
0.553231739358907,0.6762886597938145,0.468297073938171
0.553231739358907,0.6783505154639176,0.4682834629917362
0.5551234892275355,0.6783505154639176,0.4679944229211685
0.5551234892275355,0.6804123711340206,0.467989017684635
0.5598528638991067,0.6804123711340206,0.4673095461155142
0.5598528638991067,0.6824742268041237,0.46730869401193387
0.5602732527588019,0.6824742268041237,0.46722836928879685
0.5602732527588019,0.6845360824742268,0.46720245740073885
0.5669994745139254,0.6845360824742268,0.4657858462358194
0.5669994745139254,0.6865979381443299,0.4657847809272748
0.572044140830268,0.6865979381443299,0.4651010557905537
0.572044140830268,0.688659793814433,0.4650695005760797
0.5742511823436679,0.688659793814433,0.46475623933310983
0.5742511823436679,0.6907216494845361,0.46473886699952627
0.5755123489227535,0.6907216494845361,0.4645793098754562
0.5755123489227535,0.6948453608247422,0.4644989267995293
0.575827640567525,0.6948453608247422,0.46438553243643
0.575827640567525,0.6969072164948453,0.4643695533553095
0.5785601681555439,0.6969072164948453,0.4638733853906308
0.5785601681555439,0.6989690721649484,0.46383091881219524
0.5796111403047819,0.6989690721649484,0.4636084007345641
0.5796111403047819,0.7010309278350515,0.4635820945149848
0.5799264319495533,0.7010309278350515,0.4635295621700748
0.5799264319495533,0.7030927835051546,0.4635184187396421
0.5839201261166579,0.7030927835051546,0.46292387295378656
0.5839201261166579,0.7051546391752578,0.4629022582595402
0.5842354177614293,0.7051546391752578,0.46284654137636816
0.5842354177614293,0.7072164948453609,0.4628374523536264
0.584971098265896,0.7072164948453609,0.4627406648247484
0.584971098265896,0.709278350515464,0.4627333707257118
0.5952706253284288,0.709278350515464,0.46030754410547575
0.5952706253284288,0.711340206185567,0.4603034030088997
0.5959012086179716,0.711340206185567,0.4601391087259011
0.5959012086179716,0.7134020618556701,0.4601390940358378
0.5967419863373621,0.7134020618556701,0.46005550193793443
0.5967419863373621,0.7154639175257732,0.46004640740527525
0.5971623751970573,0.7154639175257732,0.46000802996051554
0.5971623751970573,0.7195876288659794,0.46000402108439603
0.598949027850762,0.7195876288659794,0.45972483675940984
0.598949027850762,0.7216494845360825,0.4596900429858913
0.6003152916447714,0.7216494845360825,0.4595520819928067
0.6003152916447714,0.7237113402061855,0.4595411879002159
0.6015764582238571,0.7237113402061855,0.45933520395041083
0.6015764582238571,0.7257731958762886,0.4593015800226807
0.6042038885969522,0.7257731958762886,0.45868769464632486
0.6042038885969522,0.7278350515463917,0.4586865444432963
0.6056752496058855,0.7278350515463917,0.45849551259705595
0.6056752496058855,0.7298969072164948,0.45849197126438673
0.608092485549133,0.7298969072164948,0.4580655229704936
0.608092485549133,0.734020618556701,0.4580335579618028
0.6104046242774567,0.734020618556701,0.4573582448034472
0.6104046242774567,0.7360824742268042,0.4573555999716482
0.6108250131371519,0.7360824742268042,0.45733006676034405
0.6108250131371519,0.7381443298969073,0.4572890178803468
0.6111403047819233,0.7381443298969073,0.45728016224577367
0.6111403047819233,0.7402061855670103,0.45727093389518525
0.6186022070415134,0.7402061855670103,0.4558489969470256
0.6186022070415134,0.7443298969072165,0.4557358674790929
0.6205990541250657,0.7443298969072165,0.45528223309115007
0.6205990541250657,0.7463917525773196,0.455259948553569
0.6210194429847609,0.7463917525773196,0.45521427570354467
0.6210194429847609,0.7505154639175258,0.4551062450935333
0.6233315817130846,0.7505154639175258,0.45464249239155796
0.6233315817130846,0.7525773195876289,0.45462060054311443
0.6304781923279034,0.7525773195876289,0.4531133437529777
0.6304781923279034,0.7546391752577319,0.4531099259614246
0.6310036784025224,0.7546391752577319,0.45298003296415257
0.6310036784025224,0.756701030927835,0.45297044966333944
0.6316342616920652,0.756701030927835,0.45277837810667476
0.6316342616920652,0.7587628865979381,0.4527339903391025
0.6326852338413032,0.7587628865979381,0.4523621301143691
0.6326852338413032,0.7608247422680412,0.45229610346959503
0.6328954282711509,0.7608247422680412,0.4522755219582157
0.6328954282711509,0.7628865979381443,0.4522360474708032
0.6344718864950079,0.7628865979381443,0.45191204979528016
0.6344718864950079,0.7649484536082474,0.4518892525458336
0.6356279558591698,0.7649484536082474,0.4515561222746872
0.6356279558591698,0.7670103092783506,0.4515007759379492
0.6378349973725697,0.7670103092783506,0.451029881178276
0.6378349973725697,0.7690721649484537,0.45097824546128373
0.643510246978455,0.7690721649484537,0.4497747164089774
0.643510246978455,0.7711340206185567,0.4497547576521676
0.6465580662112455,0.7711340206185567,0.4491759864646496
0.6465580662112455,0.7731958762886598,0.4491682981900852
0.646768260641093,0.7731958762886598,0.4490944318458178
0.646768260641093,0.7752577319587629,0.44907360054230033
0.6485549132947976,0.7752577319587629,0.4487283283767137
0.6485549132947976,0.777319587628866,0.44871137435143965
0.6505517603783499,0.777319587628866,0.4483701519373355
0.6505517603783499,0.7793814432989691,0.44835708994652995
0.6544403573305307,0.7793814432989691,0.4475662878539852
0.6544403573305307,0.7814432989690722,0.4475654996735427
0.6575932737782448,0.7814432989690722,0.446883730854254
0.6575932737782448,0.7855670103092783,0.4468210614197916
0.6632685233841303,0.7855670103092783,0.4451601631359007
0.6632685233841303,0.7876288659793814,0.44514677094407135
0.6633736205990541,0.7876288659793814,0.4450891675353507
0.6633736205990541,0.7896907216494845,0.4450442358591844
0.6635838150289017,0.7896907216494845,0.4450228462348261
0.6635838150289017,0.7917525773195876,0.4449495794957703
0.666106148187073,0.7917525773195876,0.4442952706639939
0.666106148187073,0.7938144329896907,0.4442805802154807
0.6665265370467682,0.7938144329896907,0.4442414888964759
0.6665265370467682,0.7958762886597938,0.44422436757042605
0.6668418286915396,0.7958762886597938,0.4441971455460577
0.6668418286915396,0.797938144329897,0.44416320002145443
0.6702049395691014,0.797938144329897,0.4433029460788405
0.6702049395691014,0.8,0.4432776862480341
0.6708355228586442,0.8,0.44308872073259087
0.6708355228586442,0.8020618556701031,0.443043663223335
0.6722017866526537,0.8020618556701031,0.4427827670694139
0.6722017866526537,0.8041237113402062,0.4427682559138932
0.674198633736206,0.8041237113402062,0.44237084605983085
0.674198633736206,0.8061855670103093,0.4423108210374057
0.675249605885444,0.8061855670103093,0.4419726541048917
0.675249605885444,0.8082474226804124,0.4419587788753981
0.679033105622701,0.8082474226804124,0.4404717788587437
0.679033105622701,0.8103092783505155,0.44044655897768
0.6814503415659485,0.8103092783505155,0.4398241075846154
0.6814503415659485,0.8123711340206186,0.4397905736074358
0.6826064109301103,0.8123711340206186,0.43945021234212395
0.6826064109301103,0.8144329896907216,0.43927739599428933
0.6836573830793484,0.8144329896907216,0.4389253669612648
0.6836573830793484,0.8164948453608247,0.4389238214911655
0.6844981607987388,0.8164948453608247,0.4385434833846933
0.6844981607987388,0.8185567010309278,0.4385323909518606
0.6852338413032054,0.8185567010309278,0.4381767622721659
0.6852338413032054,0.8206185567010309,0.43816668318812874
0.6902785076195481,0.8206185567010309,0.43637844375320645
0.6902785076195481,0.822680412371134,0.43636061694219047
0.6903836048344719,0.822680412371134,0.4363483983107286
0.6903836048344719,0.8247422680412371,0.4363368082281219
0.6921702574881765,0.8247422680412371,0.4356712141632893
0.6921702574881765,0.8268041237113402,0.4356286296297045
0.6934314240672622,0.8268041237113402,0.4351218821768899
0.6934314240672622,0.8288659793814434,0.4351078235803219
0.693536521282186,0.8288659793814434,0.43495138095706976
0.693536521282186,0.8309278350515464,0.43493295157549855
0.6967945349448239,0.8309278350515464,0.4337670553869167
0.6967945349448239,0.8329896907216495,0.4336881621375845
0.6972149238045192,0.8329896907216495,0.4336396950450466
0.6972149238045192,0.8350515463917526,0.4335885645777695
0.697320021019443,0.8350515463917526,0.43350258438500866
0.697320021019443,0.8371134020618557,0.43349553070083663
0.6975302154492906,0.8371134020618557,0.4334447785426574
0.6975302154492906,0.8391752577319588,0.4333596403769035
0.7001576458223857,0.8391752577319588,0.43238054637059775
0.7001576458223857,0.8412371134020619,0.43228298384358965
0.7009984235417761,0.8412371134020619,0.4317799476896001
0.7009984235417761,0.843298969072165,0.431751181222746
0.7011035207566999,0.843298969072165,0.43170796929288124
0.7011035207566999,0.845360824742268,0.43170736479720107
0.7015239096163952,0.845360824742268,0.4315295953472583
0.7015239096163952,0.8474226804123711,0.43151761417006274
0.7047819232790331,0.8474226804123711,0.4303179951721467
0.7047819232790331,0.8494845360824742,0.4303081950465109
0.7052023121387283,0.8494845360824742,0.43019451110134865
0.7052023121387283,0.8515463917525773,0.43018371157052476
0.7066736731476616,0.8515463917525773,0.42966664553069567
0.7066736731476616,0.8536082474226804,0.42959140355520353
0.7076195480819758,0.8536082474226804,0.4289724852397261
0.7076195480819758,0.8556701030927835,0.42896609570370076
0.7086705202312139,0.8556701030927835,0.42852487105460124
0.7086705202312139,0.8577319587628865,0.4284930570109363
0.7093011035207567,0.8577319587628865,0.4283655774880906
0.7093011035207567,0.8597938144329897,0.4283364450117271
0.7109826589595376,0.8597938144329897,0.4278097455693868
0.7109826589595376,0.8618556701030928,0.42777742672439345
0.7127693116132422,0.8618556701030928,0.427088850112254
0.7127693116132422,0.8639175257731959,0.4270663096431466
0.7149763531266421,0.8639175257731959,0.4256801886509804
0.7149763531266421,0.865979381443299,0.42560971044411205
0.7211770888071466,0.865979381443299,0.4223938450966017
0.7211770888071466,0.8680412371134021,0.4223604420017969
0.73011035207567,0.8680412371134021,0.4153873007699592
0.73011035207567,0.8701030927835052,0.4153427141677181
0.7302154492905938,0.8701030927835052,0.4152204169559817
0.7302154492905938,0.8721649484536083,0.41515917674667047
0.7303205465055176,0.8721649484536083,0.4151394192855916
0.7303205465055176,0.8742268041237113,0.4151048335442499
0.7313715186547557,0.8742268041237113,0.4145876125607306
0.7313715186547557,0.8762886597938144,0.414462657437247
0.7406200735680505,0.8762886597938144,0.4060393402845199
0.7406200735680505,0.8783505154639175,0.406035604476107
0.7414608512874409,0.8783505154639175,0.4050203432995608
0.7414608512874409,0.8804123711340206,0.4049785692415701
0.7421965317919075,0.8804123711340206,0.40378155219911366
0.7421965317919075,0.8824742268041237,0.40370779200083445
0.7449290593799265,0.8824742268041237,0.39918074066409565
0.7449290593799265,0.8845360824742268,0.39889025975552656
0.7464004203888597,0.8845360824742268,0.3979365444239464
0.7464004203888597,0.8865979381443299,0.39768872491908713
0.7508145034156595,0.8865979381443299,0.39209878066531584
0.7508145034156595,0.8886597938144329,0.3917587470031016
0.752706253284288,0.8886597938144329,0.3898927763074843
0.752706253284288,0.8907216494845361,0.3898549744383054
0.7549132947976879,0.8907216494845361,0.3868803969614143
0.7549132947976879,0.8927835051546392,0.38635838925605487
0.7667892800840778,0.8927835051546392,0.3752185189557095
0.7667892800840778,0.8948453608247423,0.37516183983171003
0.7692065160273253,0.8948453608247423,0.37320875828482664
0.7692065160273253,0.8969072164948454,0.37313561391498345
0.7693116132422491,0.8969072164948454,0.3730887199084577
0.7693116132422491,0.8989690721649485,0.37308633544836955
0.7724645296899633,0.8989690721649485,0.3710150227607247
0.7724645296899633,0.9010309278350516,0.37099669777892785
0.7800315291644772,0.9010309278350516,0.36692070151545814
0.7800315291644772,0.9030927835051547,0.36690910688261025
0.7982133473462953,0.9030927835051547,0.3574954595048316
0.7982133473462953,0.9051546391752577,0.35748667231805575
0.8034682080924855,0.9051546391752577,0.355678133259856
0.8034682080924855,0.9072164948453608,0.3556102786697944
0.8040987913820283,0.9072164948453608,0.3554192665617049
0.8040987913820283,0.9092783505154639,0.35540610083255947
0.8174461376773515,0.9092783505154639,0.3499200176210977
0.8174461376773515,0.911340206185567,0.34989675080131755
0.8184971098265896,0.911340206185567,0.34957495142259076
0.8184971098265896,0.9134020618556701,0.3495686795894248
0.8235417761429322,0.9134020618556701,0.34801096878828824
0.8235417761429322,0.9154639175257732,0.34796974140764514
0.8295323173935891,0.9154639175257732,0.34628873338107025
0.8295323173935891,0.9175257731958762,0.34622399369129603
0.8321597477666842,0.9175257731958762,0.3452429813352699
0.8321597477666842,0.9195876288659793,0.34514745809971753
0.8342616920651603,0.9195876288659793,0.34452019493398484
0.8342616920651603,0.9216494845360824,0.3444805871090603
0.8357330530740935,0.9216494845360824,0.34385734933519296
0.8357330530740935,0.9237113402061856,0.34379295518986924
0.8408828166053599,0.9237113402061856,0.3419771013740008
0.8408828166053599,0.9257731958762887,0.341951631384595
0.8459274829217026,0.9257731958762887,0.3403830755497611
0.8459274829217026,0.9278350515463918,0.3403299227818519
0.8469784550709406,0.9278350515463918,0.3400358935208806
0.8469784550709406,0.9298969072164949,0.3400237698277605
0.8529689963215975,0.9298969072164949,0.33825809798311857
0.8529689963215975,0.931958762886598,0.33820043168012803
0.8572779821334735,0.931958762886598,0.3367911330807898
0.8572779821334735,0.934020618556701,0.3367672594392113
0.8594850236468734,0.934020618556701,0.3359920598560418
0.8594850236468734,0.9360824742268041,0.33596843386656045
0.8624277456647399,0.9360824742268041,0.33494581222139724
0.8624277456647399,0.9381443298969072,0.33494492148062843
0.8705202312138728,0.9381443298969072,0.3329442854503648
0.8705202312138728,0.9402061855670103,0.3328766971391089
0.8710457172884919,0.9402061855670103,0.3326312729811624
0.8710457172884919,0.9422680412371134,0.3325289245266157
0.8782974251182344,0.9422680412371134,0.33036851840984505
0.8782974251182344,0.9443298969072165,0.33034529424506076
0.878507619548082,0.9443298969072165,0.3302320783491972
0.878507619548082,0.9463917525773196,0.33020110978488926
0.8808197582764057,0.9463917525773196,0.3295607362710544
0.8808197582764057,0.9484536082474226,0.3295458253965441
0.8842879663688912,0.9484536082474226,0.32872620443277356
0.8842879663688912,0.9505154639175257,0.3287025577158539
0.8849185496584341,0.9505154639175257,0.3286076374357847
0.8849185496584341,0.9525773195876288,0.328594392784422
0.8853389385181293,0.9525773195876288,0.32848656249638486
0.8853389385181293,0.954639175257732,0.3284688395855578
0.8900683131897005,0.954639175257732,0.32718326905573897
0.8900683131897005,0.9567010309278351,0.3271585791920263
0.8934314240672622,0.9567010309278351,0.32621824716027636
0.8934314240672622,0.9587628865979382,0.32606391494688847
0.896794534944824,0.9587628865979382,0.32519749286933114
0.896794534944824,0.9608247422680413,0.32516311475424575
0.9014188124014714,0.9608247422680413,0.32374053284527743
0.9014188124014714,0.9628865979381444,0.32373279744994016
0.9044666316342617,0.9628865979381444,0.3228738043023649
0.9044666316342617,0.9649484536082474,0.3228319410347674
0.9048870204939569,0.9649484536082474,0.3227471079002015
0.9048870204939569,0.9690721649484536,0.32253779316777825
0.9055176037834998,0.9690721649484536,0.3223734342034721
0.9055176037834998,0.9711340206185567,0.3223527915608389
0.9148712559117184,0.9711340206185567,0.3190413655581055
0.9148712559117184,0.9731958762886598,0.3189963378382706
0.9501839201261166,0.9731958762886598,0.30663671959553185
0.9501839201261166,0.9752577319587629,0.30653029472283555
0.950499211770888,0.9752577319587629,0.306432190885036
0.950499211770888,0.977319587628866,0.3064174768641546
0.9563846558066211,0.977319587628866,0.3032329977517412
0.9563846558066211,0.979381443298969,0.3031720160551403
0.9655281135049921,0.979381443298969,0.2994723878733206
0.9655281135049921,0.9814432989690721,0.299409270414093
0.9726747241198108,0.9814432989690721,0.2960395206938839
0.9726747241198108,0.9835051546391752,0.2959981066331167
0.9750919600630583,0.9835051546391752,0.2944707154866113
0.9750919600630583,0.9855670103092784,0.29446238131839625
0.9751970572779821,0.9855670103092784,0.29444717211093036
0.9751970572779821,0.9876288659793815,0.2943644100497944
0.9782448765107724,0.9876288659793815,0.2931486790754975
0.9782448765107724,0.9896907216494846,0.2931366518357187
0.9783499737256963,0.9896907216494846,0.29313113962823917
0.9783499737256963,0.9917525773195877,0.29299072032224094
0.9819232790331056,0.9917525773195877,0.29049965378468484
0.9819232790331056,0.9938144329896907,0.29046716405446077
0.9849710982658959,0.9938144329896907,0.28803521468080806
0.9849710982658959,0.9958762886597938,0.2879588205613236
0.9973725696269049,0.9958762886597938,0.26867414310882815
0.9973725696269049,0.9979381443298969,0.26797747460284793
0.9998949027850762,0.9979381443298969,0.25320094191789283
0.9998949027850762,1.0,0.2425416588298417
1.0,1.0,0.23359540759161374
